{
  "users": [
    {
      "id": 1,
      "name": "Maja Starovlas",
      "email": "maja@gmail.com",
      "username": "maja.starovlas",
      "password": "123",
      "admin": true
    },
    {
      "name": "Pera Peric",
      "email": "pera@gmail.com",
      "username": "pera.peric",
      "password": "123",
      "admin": false,
      "id": 2
    }
  ],
  "posts": [
    {
      "id": 1,
      "userId": 1,
      "title": "Post 1",
      "body": "Ovo je post 1",
      "date": "2022-01-21T11:57:54.622Z"
    },
    {
      "id": 2,
      "userId": 2,
      "title": "P2",
      "body": "Ovo je post 2",
      "date": "2022-01-21T11:58:54.622Z"
    },
    {
      "id": 3,
      "userId": 1,
      "title": "Post 3",
      "body": "Ovo je post 3",
      "date": "2022-01-22T18:27:21.177Z"
    },
    {
      "id": 4,
      "userId": 2,
      "title": "P4",
      "body": "Ovo je post 4",
      "date": "2022-01-22T18:45:06.274Z"
    }
  ]
}